{"log_dir": "2024-09-02_22-23-08", "_timestamp": 1725334040, "_runtime": 191, "_step": 30, "Episode_Reward/track_lin_vel_xy_exp": 0.011116815730929375, "Episode_Reward/track_ang_vel_z_exp": 0.003092947183176875, "Episode_Reward/lin_vel_z_l2": -0.0023936773650348186, "Episode_Reward/ang_vel_xy_l2": -0.02895522490143776, "Episode_Reward/dof_torques_l2": -0.0015172513667494059, "Episode_Reward/dof_acc_l2": -0.0038628275506198406, "Episode_Reward/action_rate_l2": -0.017188113182783127, "Episode_Reward/feet_air_time": 0.0003904497716575861, "Episode_Reward/flat_orientation_l2": -0.011818679980933666, "Episode_Reward/dof_pos_limits": -0.00039500262937508523, "Episode_Reward/termination_penalty": -0.20000001788139343, "Episode_Reward/feet_slide": -0.004547301214188337, "Episode_Reward/joint_deviation_hip": -0.002897104946896434, "Episode_Reward/joint_deviation_arms": -0.003704214468598366, "Episode_Reward/joint_deviation_fingers": -0.0023707165382802486, "Episode_Reward/joint_deviation_torso": -0.0009312938200309873, "Metrics/base_velocity/error_vel_xy": 0.09291444718837738, "Metrics/base_velocity/error_vel_yaw": 0.4589436948299408, "Episode_Termination/time_out": 0.0, "Episode_Termination/base_contact": 89.16667175292969, "Loss/value_function": 0.008595789596438409, "Loss/surrogate": -0.016512711480027066, "Loss/learning_rate": 0.0006666666666666665, "Policy/mean_noise_std": 0.9963455200195312, "Perf/total_fps": 32599, "Perf/collection time": 2.8002665042877197, "Perf/learning_time": 0.2152249813079834, "Train/mean_reward": -5.381958808898926, "Train/mean_episode_length": 47.78}